{"월요일": {"date_hour": ["00", "01", "02", "03", "04", "05", "06", "07", "08", "09", "10", "11", "12", "13", "14", "15", "16", "17", "18", "19", "20", "21", "22", "23"], "total_parking": [5.708333333333333, 5.875, 5.666666666666667, 4.833333333333333, 5.291666666666667, 7.0, 7.875, 8.875, 10.5, 20.291666666666668, 20.375, 20.416666666666668, 20.125, 20.041666666666668, 20.625, 20.666666666666668, 20.458333333333332, 20.791666666666668, 20.583333333333332, 17.125, 17.041666666666668, 16.958333333333332, 5.625, 5.458333333333333]}, "화요일": {"date_hour": ["00", "01", "02", "03", "04", "05", "06", "07", "08", "09", "10", "11", "12", "13", "14", "15", "16", "17", "18", "19", "20", "21", "22", "23"], "total_parking": [5.916666666666667, 5.625, 6.0, 5.875, 5.416666666666667, 7.916666666666667, 9.041666666666666, 9.25, 9.916666666666666, 20.5, 20.583333333333332, 20.458333333333332, 20.583333333333332, 20.666666666666668, 20.5, 20.291666666666668, 20.5, 20.5, 20.416666666666668, 17.083333333333332, 16.666666666666668, 17.333333333333332, 5.458333333333333, 5.666666666666667]}, "수요일": {"date_hour": ["00", "01", "02", "03", "04", "05", "06", "07", "08", "09", "10", "11", "12", "13", "14", "15", "16", "17", "18", "19", "20", "21", "22", "23"], "total_parking": [5.25, 5.958333333333333, 5.791666666666667, 5.958333333333333, 5.541666666666667, 7.0, 8.583333333333334, 9.75, 10.458333333333334, 20.833333333333332, 20.333333333333332, 20.75, 20.541666666666668, 20.75, 21.25, 20.5, 20.291666666666668, 20.625, 20.541666666666668, 17.5, 17.0, 17.291666666666668, 4.916666666666667, 5.791666666666667]}, "목요일": {"date_hour": ["00", "01", "02", "03", "04", "05", "06", "07", "08", "09", "10", "11", "12", "13", "14", "15", "16", "17", "18", "19", "20", "21", "22", "23"], "total_parking": [5.153846153846154, 6.0, 5.583333333333333, 5.5, 5.5, 7.833333333333333, 8.666666666666666, 8.5, 10.166666666666666, 20.75, 19.916666666666668, 20.166666666666668, 20.166666666666668, 20.333333333333332, 20.416666666666668, 20.666666666666668, 20.583333333333332, 20.0, 20.75, 17.083333333333332, 16.772727272727273, 17.458333333333332, 4.875, 5.333333333333333]}, "금요일": {"date_hour": ["00", "01", "02", "03", "04", "05", "06", "07", "08", "09", "10", "11", "12", "13", "14", "15", "16", "17", "18", "19", "20", "21", "22", "23"], "total_parking": [5.25, 4.791666666666667, 5.208333333333333, 5.75, 5.541666666666667, 7.458333333333333, 8.958333333333334, 9.875, 10.75, 20.416666666666668, 20.875, 20.583333333333332, 20.5, 20.25, 20.375, 20.416666666666668, 20.416666666666668, 20.333333333333332, 20.333333333333332, 17.541666666666668, 17.041666666666668, 17.125, 5.333333333333333, 5.291666666666667]}, "토요일": {"date_hour": ["00", "01", "02", "03", "04", "05", "06", "07", "08", "09", "10", "11", "12", "13", "14", "15", "16", "17", "18", "19", "20", "21", "22", "23"], "total_parking": [2.8333333333333335, 2.4583333333333335, 2.5416666666666665, 3.0, 2.5, 2.4583333333333335, 2.0416666666666665, 6.25, 6.291666666666667, 6.375, 6.333333333333333, 6.416666666666667, 7.166666666666667, 6.666666666666667, 6.708333333333333, 6.583333333333333, 6.791666666666667, 6.125, 6.458333333333333, 6.333333333333333, 6.625, 6.666666666666667, 2.4166666666666665, 2.3333333333333335]}, "일요일": {"date_hour": ["00", "01", "02", "03", "04", "05", "06", "07", "08", "09", "10", "11", "12", "13", "14", "15", "16", "17", "18", "19", "20", "21", "22", "23"], "total_parking": [2.4583333333333335, 2.875, 2.2083333333333335, 2.5416666666666665, 2.5833333333333335, 2.375, 2.0416666666666665, 6.416666666666667, 6.291666666666667, 6.083333333333333, 6.375, 6.291666666666667, 5.833333333333333, 6.75, 5.875, 7.5, 6.083333333333333, 6.416666666666667, 5.666666666666667, 6.916666666666667, 6.333333333333333, 6.375, 1.9166666666666667, 2.1666666666666665]}}